position,L,A,G,V,S,E,R,T,I,D,P,K,Q,N,F,Y,M,H,W,C,native
0,1.6319503,1.8141788,0.07080591,1.3497508,1.7912488,0.94221884,1.0152892,1.2572355,0.5136095,0.64679444,1.6847364,1.6136426,1.5228486,0.8926723,-0.14227939,-0.4006034,8.92508,0.0,-1.1838344,-1.8916525,H
1,-0.60142547,0.36966175,-0.9962336,-0.8738514,1.0885651,-0.6013975,-0.7099269,0.5428361,-0.70684034,-0.18728358,0.0,-0.173738,-0.20602906,0.4385001,-1.8505509,-2.5351307,-2.010255,-1.2412674,-3.980603,-3.3139646,P
2,-0.81751645,0.09989512,-1.2398043,-0.8422745,-0.057587743,0.0,-1.4185212,-0.31700796,-1.3992918,-0.22578186,-0.479069,-0.6701111,-0.6089637,-0.8488735,-2.1157422,-2.835812,-1.9530158,-1.8779913,-3.872286,-3.732141,E
3,0.46196288,0.2487039,-1.1318676,-0.354353,0.09200984,-0.9177645,-0.654807,0.0,-0.3715533,-1.086664,0.18970442,-0.72624457,-0.33501655,-0.71858835,-1.3788182,-2.0539188,-2.1527402,-1.0416272,-1.7062871,-3.099315,T
4,0.0,-0.3159666,-1.7532953,-0.8773656,-0.023241758,-1.3295382,-1.0714183,-0.5910192,-0.7521953,-1.4799814,-0.5815798,-1.2967987,-1.2280917,-1.4824271,-1.3987861,-2.4128022,-2.0482702,-1.7610197,-2.7313116,-3.5519595,L
5,0.56954026,1.5806957,-0.12699647,0.0,1.1771841,0.22808023,1.0061288,0.83705074,-0.039694697,-0.1471067,0.17814897,1.4130795,2.0045493,0.32317978,-1.0323532,-1.7233772,-1.7654649,-0.23932649,-2.3677757,-3.045235,V
6,-0.41383648,1.5924731,-0.34571737,-0.5087488,1.3556314,-0.3760012,-0.18053186,0.5492425,-0.8423877,-0.6458094,0.79619014,0.0,0.011038959,-0.45754895,-1.6594002,-2.522069,-2.1615672,-1.1393204,-2.8254776,-2.7843266,K
7,0.9810035,-1.3702458,-4.2357078,0.0,-3.2323666,-4.686639,-3.8915088,-2.1416686,0.8858981,-4.724141,-3.1919775,-5.2514715,-4.2221885,-4.009383,-1.9095747,-3.98068,-2.4541318,-4.385278,-3.10668,-5.031581,V
8,-1.715158,-0.45030236,-2.3189726,-1.9203371,-1.076576,-1.935791,1.1090226,-1.2426028,-1.8860595,-3.084373,-2.5427713,0.0,-0.1725893,-2.1549385,-3.291138,-3.1532192,-3.6220665,-0.783576,-4.3168697,-3.5934768,K
9,0.38587475,2.26523,-1.1735557,-0.16526094,1.0895332,1.2888498,0.58660746,1.0804441,-0.49031726,0.0,-0.83361506,0.9124048,2.2218091,0.5024518,-1.9024714,-1.7443936,-1.4480249,0.040616125,-2.9175606,-3.9305565,D
10,2.9593694,0.0,-4.593383,1.2786655,-1.5762607,-3.5416822,-0.7281506,-0.13009334,3.223855,-4.067661,-3.9734108,-1.3377196,-1.5797553,-3.4624186,0.36992252,-0.21520823,0.08664346,-2.404027,-0.4378561,-2.648181,A
11,-4.75607,-0.8170533,-3.511034,-2.1199093,-2.7151425,0.0,-6.3106103,-3.5400681,-2.4278624,-5.245614,-5.6351566,-6.550582,-2.685966,-6.0003443,-6.8980646,-8.161545,-5.248703,-6.8261547,-9.664579,-4.579594,E
12,0.031440765,1.9790865,-0.71322346,-0.466537,1.5102022,0.9877117,2.163197,1.320576,-0.67191344,0.0,-2.9931846,2.5655627,2.4783483,1.0896313,-2.0541735,-1.5570775,-1.2898086,0.4704383,-2.6887984,-3.2770085,D
13,-1.3680995,1.2492037,-1.3370534,-1.753666,0.2075386,-1.0685279,2.6269834,-0.6504964,-2.4802148,-2.3159814,-4.26579,1.8600357,0.0,-0.6010125,-3.7852733,-3.441716,-2.9905763,-0.9361389,-4.4320397,-4.2541447,Q
14,0.0,-3.2101119,-6.8367443,-2.5830588,-3.828942,-8.509387,-7.1758394,-3.4105234,-1.8619976,-8.855616,-7.2392044,-8.129608,-6.298353,-6.741186,-3.2530608,-5.2832212,-4.0915637,-6.422917,-5.9291344,-5.1810083,L
15,-5.039744,-2.1162171,0.0,-5.4612126,-1.8247088,-2.513504,-2.4376926,-4.1260586,-6.722673,-0.90818214,-4.93794,-0.78735495,-1.1818414,-0.4136374,-6.1966577,-6.29562,-6.0957437,-1.2010932,-8.646759,-5.3663588,G
16,-6.018998,0.0,0.36860418,-3.6733608,-3.3466992,-6.0567846,-7.551867,-4.022279,-6.017582,-6.206876,-7.5380707,-7.703219,-7.378394,-6.4404974,-8.000874,-8.276469,-6.5402455,-8.195302,-9.872519,-4.5252357,A
17,-8.213996,-8.165232,-8.747289,-8.94126,-6.846162,-8.066724,0.0,-6.8497114,-9.196251,-8.410904,-10.839695,-4.34038,-5.578796,-6.9982433,-10.6159115,-9.638882,-9.838052,-5.439112,-9.924854,-7.701194,R
18,-1.4301226,-3.9294074,-7.996024,0.0,-6.3174477,-9.966264,-8.191537,-4.2971916,-0.12697363,-10.348585,-8.760784,-9.14472,-8.694408,-8.410657,-3.8013783,-6.543536,-3.5624826,-8.942256,-7.788836,-5.8391805,V
19,-12.929811,-6.1411753,0.0,-11.1916685,-6.7935443,-9.843395,-9.978008,-10.977334,-13.148245,-9.204332,-12.499797,-11.543028,-11.322298,-9.32885,-13.303877,-13.695457,-13.120951,-11.331183,-13.482047,-10.029572,G
20,-0.9458008,-1.4094417,-5.1084666,-0.21810412,-3.6091506,-6.9734554,-5.0074263,-3.6256933,-0.76071215,-7.76639,-10.125367,-6.121374,-6.08348,-6.8411083,-0.71511483,0.0,-2.1934958,-4.4029617,-2.2062805,-3.6657507,Y
21,-0.06082678,1.3203179,-4.0805173,1.4010357,-1.0718932,-4.253255,-6.9171433,-1.5391393,0.0,-5.956931,-8.595075,-7.309703,-4.1963735,-6.5831256,0.15728557,0.20399201,-0.7047647,-2.943606,-4.0911684,1.703215,I
22,0.022105336,1.5408006,-1.631583,1.7727621,-0.44326073,0.0,-2.5285153,-1.5318283,-0.32148635,-2.8281715,-8.778355,-2.7462478,-0.98485017,-3.0720584,-2.7318645,-3.056315,-0.9536,-3.4223657,-3.6599615,-2.5588367,E
23,0.0,-3.2739096,-7.125378,-1.4132271,-4.705858,-4.5063663,-5.39187,-3.5923316,-0.24700737,-8.070906,-11.735526,-5.3715687,-2.7309408,-7.9857264,-2.9566932,-3.7765293,-1.6374967,-5.723021,-5.522141,-5.2020946,L
24,-8.576853,-5.1296883,-5.703433,-7.9571824,-4.958021,-1.8485713,-8.3242855,-7.5755167,-9.883625,0.0,-8.614953,-7.5061135,-6.1335588,-3.8385112,-10.017568,-8.517965,-9.829025,-6.3566704,-10.340711,-7.2936277,D
25,0.0,-0.08573651,-2.5733128,0.25127006,-1.62845,-2.6440542,-4.2270703,-0.6234355,-0.9989914,-4.1449666,-2.2785974,-5.1835423,-2.9148574,-4.854563,-3.5441046,-4.514393,-2.3799906,-5.340357,-4.7631416,-4.5885005,L
26,-2.105494,1.1775814,0.18684864,-0.9191246,0.3892007,1.0343071,-1.3304678,-0.029871225,-2.4254613,0.86412466,-1.6035793,-0.105865836,0.26673353,0.0,-3.8703413,-3.8241696,-3.6284142,-1.2873955,-6.323351,-5.524181,N
27,-6.7927527,-4.072362,-3.8540392,-7.15046,0.0,-3.738165,-5.5392394,-0.22615051,-7.4645424,-1.6964612,-8.5580635,-5.397196,-4.486099,-2.3554409,-8.498709,-7.8436623,-8.576824,-5.7613974,-10.483786,-8.11444,S
28,-5.8607116,-4.261481,0.0,-7.6912365,-3.7659976,-3.798678,-4.7029233,-6.127738,-9.059128,-2.6979613,-7.2942967,-4.7921095,-3.7554479,-2.4789684,-7.2062116,-7.7067623,-7.0200176,-4.9968653,-7.368867,-8.14878,G
29,-2.9595137,-0.9255527,-3.4654908,-2.4810402,-1.9988041,0.5255928,-0.777864,-1.5567405,-3.6198044,-1.3461812,-7.1704187,0.0,-0.1231091,-1.7815291,-5.761317,-5.413921,-4.0033865,-2.663603,-7.3903823,-5.923079,K
30,-0.25637674,-0.649787,-3.523831,0.8781146,-1.2195909,0.016108632,-2.1760592,0.86639273,0.0,-3.3684,-1.0738616,-2.1106248,-0.2811867,-2.855404,-3.358394,-3.883986,-1.0997959,-3.190895,-3.5189266,-4.1997046,I
31,0.0,-2.5701718,-3.165978,-0.66811824,-2.8174925,-2.3869135,-2.5072312,-2.106158,-0.6081002,-4.1340055,-6.1137424,-2.9365237,-2.8690925,-3.9951146,-4.4490395,-5.044018,-3.632101,-3.9288032,-5.854293,-5.747194,L
32,-2.9134943,0.86106277,0.24971664,-2.664568,0.22933614,0.0,0.9905033,-0.6479825,-4.25841,-0.12972951,-5.032776,0.5281857,-0.007477045,-0.091673255,-2.7760863,-2.2589703,-4.4131465,1.0506294,-4.5288596,-4.141514,E
33,-5.482371,-0.7815983,-1.3236997,-4.519768,0.0,-1.9837141,-3.593047,-2.0132654,-5.659443,-4.270549,-6.8714137,-3.6943052,-1.1354992,-2.717946,-5.805895,-5.814557,-4.874214,-3.4492595,-7.218864,-4.6258016,S
34,-0.0113976,-1.2972431,-3.6859229,-0.18095988,-0.71725106,-2.4606,-0.4743405,-1.1154101,-0.13812876,-3.2123895,-4.735799,-3.3806741,-0.5362917,-1.4453521,0.0,2.2528405,-2.4166203,1.767997,0.087652564,-3.1344366,F
35,-4.9947386,-3.8034093,-5.8529453,-8.177846,-4.998302,-6.003404,0.0,-6.7433968,-9.04144,-6.5342255,-10.320718,-2.9426687,-2.8885036,-2.427122,-7.0514975,-5.8032,-5.8554125,-2.428076,-8.08319,-7.480398,R
36,-4.2569704,1.4995983,2.928769,-2.4810266,0.42362928,-1.8148397,-4.8218555,-2.2332697,-3.520051,-1.9263675,0.0,-4.068578,-2.650699,-1.9907246,-4.3420076,-4.2849493,-4.4539256,-2.9998617,-5.0794783,-4.154312,P
37,-2.395663,-1.8098497,-1.5869915,-4.2532196,-1.8385695,0.0,-3.170716,-1.7125032,-5.0272818,1.3333297,-7.4579287,-3.2515264,-1.0297439,0.15440655,-3.5099545,-2.2784317,-3.6951847,-0.90429246,-4.634694,-7.1996913,E
38,-5.3046446,-5.2008104,-7.7355766,-6.1655254,-6.1617494,0.0,-7.054675,-5.15735,-6.6856184,-4.319382,-10.351278,-6.1288004,-2.802669,-6.742689,-8.17165,-7.9164815,-4.805259,-6.316634,-8.265306,-9.987604,E
39,-4.591991,-6.8366227,-9.163717,-6.5562496,-6.6345553,-8.861117,0.0,-6.967643,-7.0838633,-11.497797,-6.0753326,-5.158657,-5.116781,-8.510354,-8.320714,-7.930823,-7.404744,-5.077029,-8.822472,-6.5208097,R
40,-5.288822,-10.531702,-12.778206,-8.1262,-8.6944,-14.014828,-10.891757,-10.591607,-8.257419,-14.61335,-11.96202,-13.300775,-10.989123,-11.847387,0.0,-5.4719367,-7.374075,-8.973175,-9.442207,-8.801963,F
41,-6.827977,-4.047637,-8.580784,-7.16147,-6.31524,-9.388603,-9.478369,-7.1964717,-9.416593,-11.3449,0.0,-11.709527,-8.362154,-10.63142,-9.849018,-10.491459,-9.522132,-9.15138,-12.239346,-10.349089,P
42,-2.7051024,-6.3748045,-10.649065,-6.464791,-8.350835,-10.121109,-12.561153,-6.9290824,-5.8478456,-11.696983,-10.101109,-12.996969,-6.528497,-9.936543,-7.946904,-8.924946,0.0,-8.830563,-10.611116,-9.506146,M
43,-0.8517745,0.46127415,-3.7624273,-2.040578,-0.7757523,-3.1113656,-5.253376,0.6829432,-2.9861765,-2.468668,-6.806096,-4.109619,-0.97664964,1.6786673,-3.816292,-4.0779047,0.0,-2.5776458,-6.89447,2.6116366,M
44,-14.672962,-9.562016,-10.727542,-15.543315,0.0,-15.155779,-14.802615,-10.928954,-16.428997,-13.246836,-13.44724,-17.156286,-16.77167,-12.59028,-14.541792,-15.3252735,-16.437973,-16.339329,-16.116364,-9.995691,S
45,-8.854017,-6.167863,-9.460623,-6.679413,-3.9495153,-13.385191,-13.9853115,0.0,-8.287229,-10.580761,-11.1703005,-14.478556,-14.448034,-8.72566,-12.840381,-16.02363,-8.944913,-15.128025,-16.23395,-8.272038,T
46,-6.106911,-5.85545,-7.3342323,-6.0829177,-5.0024385,-10.202044,-10.0195,-7.3425484,-6.061102,-9.30446,-13.6245575,-12.2947645,-8.695988,-6.7548494,0.0,-5.018951,-6.7722416,-6.6293926,-7.6259527,-5.3133574,F
47,-11.717591,-11.345867,-11.695255,-12.191517,-12.207375,-10.666694,-10.994282,-10.780258,-11.876074,-10.11655,-14.1235695,0.0,-10.489919,-7.8048115,-14.57978,-13.075385,-11.145447,-11.993717,-14.717054,-12.709202,K
48,-2.3942418,0.36213923,-3.784501,0.0,-2.0084255,-9.711385,-12.162985,-0.8563087,-3.5460675,-9.799658,-1.9223502,-12.682528,-10.128972,-7.3027043,-2.0388982,-7.1703825,-5.0454097,-8.838151,-4.744091,-5.2523723,V
49,0.0,-4.536613,-7.579382,-4.249158,-6.2823734,-9.789301,-11.415621,-5.800309,-4.249973,-11.48683,-4.804958,-11.928743,-7.569261,-9.486851,-2.5428457,-6.9447775,-3.2015967,-7.805901,-6.8638315,-8.4315605,L
50,0.0,0.5484352,-4.0223866,-2.1047535,-3.462913,-6.6108804,-11.755961,-4.369465,-3.7341962,-8.070956,-6.308411,-10.090736,-8.072454,-7.2038937,-6.303065,-8.858932,-3.9900188,-8.741129,-9.036856,-3.5908148,L
51,-7.936737,-1.6690702,-3.7712731,-4.639491,-2.3242054,-8.206461,-11.310953,-3.5542653,-7.611558,-7.7535458,-10.307301,-12.656834,-11.242998,-7.5015883,-10.328482,-9.841317,-8.185232,-10.849049,-12.162849,0.0,C
52,-7.89816,-0.102472305,0.0,-6.3129373,-3.1799846,-8.107914,-9.689338,-5.2250795,-8.44733,-8.281871,-10.260701,-10.130297,-9.550083,-8.473917,-10.076415,-10.131813,-8.204397,-9.676897,-10.723201,-5.445887,G
53,-3.1636817,0.0,-3.5358953,-3.8109424,-3.2641954,-4.541838,-7.177764,-3.6747596,-5.7455425,-6.7146177,-8.4759655,-6.745593,-5.446911,-5.872484,-5.6572924,-5.358461,-3.4820068,-6.180372,-7.4759192,-5.693671,A
54,-4.0074863,-4.9043407,-10.06822,0.0,-8.333409,-9.197454,-13.274895,-4.6658764,-1.4255004,-12.216269,-11.795782,-12.423681,-10.81289,-11.195224,-8.516972,-10.403813,-4.522046,-13.471479,-11.402781,-7.9736595,V
55,0.0,-10.391764,-12.541829,-8.086142,-11.850361,-13.365185,-13.614996,-11.091994,-7.5171666,-15.0276,-12.54719,-13.6351795,-9.794153,-12.69105,-5.042485,-9.799709,-4.57717,-11.706852,-10.475665,-9.729158,L
56,-3.6117249,0.73430157,-2.717754,-3.8697886,0.0,-2.0553925,-1.3599547,-1.6656971,-5.8787613,-2.9985561,-7.8335814,0.21547318,-0.5624144,-1.8862242,-5.31765,-3.7582955,-3.5092232,-1.7540019,-5.523213,-5.3101845,S
57,-7.721101,-6.9066067,-7.0877714,-10.141247,-6.279724,-8.420069,0.0,-8.441276,-10.561616,-8.586628,-12.741415,-3.3378296,-5.374835,-6.455591,-10.507545,-9.42093,-8.6038685,-5.8915625,-9.329392,-7.259331,R
58,-2.3622277,0.6471145,-4.4049673,3.503626,-1.2619758,-4.127102,-4.5372734,-0.7700877,0.0,-5.663759,-8.712121,-5.2221594,-4.2668986,-3.499147,-3.4362721,-4.421546,-2.9888406,-4.4694915,-6.7257624,-2.4513946,I
59,-10.344782,-5.8783927,-7.6454053,-8.13818,-6.658369,-3.3429255,-9.682514,-7.312749,-9.510575,0.0,-12.250805,-8.729421,-6.1824617,-4.3905888,-10.720404,-9.453441,-10.387302,-6.8901706,-12.651091,-10.164661,D
60,-2.4527435,0.0,-2.450188,-3.7242575,-0.5255326,-1.8554757,-0.09301114,-2.216934,-3.6984441,-2.0481896,-9.624055,-0.2695036,-0.23511267,-0.9115001,-5.1633234,-5.0890837,-3.5679114,-1.7570719,-6.2981715,-5.0132446,A
61,-7.4132843,-4.562993,0.0,-7.4223423,-4.4450626,-4.0061517,-3.924387,-6.7915897,-9.316635,-3.7497115,-10.951058,-3.144633,-3.855958,-3.2934427,-8.130329,-7.1457424,-7.905106,-4.278549,-7.942047,-6.7977448,G
62,-1.2973075,-2.0748465,-3.749627,-2.4058087,-1.8379693,-0.7655915,-1.0798125,-1.0271764,-2.2461352,-2.1420436,-7.8285675,0.33761287,0.0,-2.0950065,-4.0576344,-3.7136636,-2.8873987,-1.7275571,-5.5606527,-5.6593876,Q
63,-9.332638,-8.318679,-8.739582,-8.723609,-9.723932,0.0,-10.772709,-10.162613,-9.863118,-4.996759,-12.078974,-7.7294483,-7.579427,-8.752453,-10.872001,-9.831389,-10.501095,-9.700705,-12.010498,-12.201699,E
64,-3.4488704,-2.6023626,-4.1908455,-2.9236925,-0.33069777,-0.9305377,-1.9890714,-0.73173356,-3.8515692,-0.16663575,-5.621763,-0.72232866,0.0,-0.64079916,-5.1507483,-4.7458544,-4.2638016,-2.282953,-6.1483903,-5.3100266,Q
65,0.0,-5.1210876,-7.4910583,-5.696987,-6.037139,-6.933209,-7.5317535,-6.3989244,-4.494707,-9.034755,-5.1339097,-8.189368,-6.5915666,-8.601615,-4.320407,-6.491453,-3.1174178,-8.094023,-5.2754555,-8.172356,L
66,-2.2629611,-0.20623314,0.0,-2.6056583,1.186625,1.9727392,-2.9374356,0.64724565,-3.2239559,3.0887368,-4.3477745,-1.7231234,-0.4439394,1.2143717,-3.180273,-2.3186378,-2.633405,-1.3405131,-3.8970559,-5.830386,G
67,-9.367674,-9.121206,-8.317298,-10.849642,-7.621048,-8.759675,0.0,-8.29032,-11.096926,-8.751226,-11.381525,-6.4140005,-6.219408,-7.129987,-11.317146,-9.295104,-10.961252,-5.990197,-9.914643,-8.74731,R
68,-3.1710927,-5.89886,-8.834901,-2.5966196,-5.529555,-5.9514694,0.0,-4.188341,-2.8531432,-8.63629,-6.679356,-1.7002566,-3.4442818,-5.540799,-5.450048,-5.2489724,-4.3040295,-3.7670627,-7.180149,-5.885229,R
69,0.0687294,-6.6501226,-11.572214,-0.83888483,-8.670406,-8.507455,-8.708902,-5.8423905,0.0,-11.173561,-9.069435,-9.241711,-7.0720444,-9.760146,-6.4118953,-8.211513,-3.0885115,-8.765144,-9.030354,-8.180855,I
70,-0.45652914,-0.44374454,-2.1652548,-0.27261275,-0.32132185,-1.6691415,-0.6854674,-0.15873373,-0.94627345,-2.01247,-1.5801471,-2.1078079,-1.660883,-1.0501862,0.45165253,-0.3883165,-2.3903759,0.0,-2.5304222,-4.9598913,H
71,-4.720774,-8.058869,-10.353784,-4.5212626,-9.094917,-10.750805,-9.205677,-8.189753,-3.3178194,-10.888773,-9.993877,-10.029991,-9.897661,-9.636459,-2.0691671,0.0,-6.493186,-6.923981,-5.597118,-7.147823,Y
72,-2.6966937,-1.1414309,-0.5906625,-3.200216,0.0,-1.1718189,-0.9402076,0.88547015,-4.8038006,-1.4987671,-4.5812263,-1.1188343,0.004541874,-1.7156324,-5.590423,-4.955824,-4.4627776,-1.864109,-6.89664,-5.6836157,S
73,-2.5901365,0.07571125,-2.436085,-1.9483331,-1.3197289,-0.5692589,0.7235439,-1.7025237,-2.7286701,-2.0110638,-2.0916312,0.85293984,0.0,-2.2056322,-4.717522,-4.1999125,-3.8823388,-1.513633,-5.9764633,-6.233958,Q
74,-2.700572,1.642561,-0.63554966,-2.2387044,1.13377,0.43286645,-0.4829235,-0.107643366,-3.1701179,0.40832794,-3.0395277,0.7535286,0.55668616,0.0,-4.259755,-3.9226658,-3.7230794,-1.2326106,-5.827531,-5.142546,N
75,-4.919766,-3.2928865,-6.0415983,-5.17437,-4.093145,-2.3836005,-6.995413,-4.893446,-6.9652796,0.0,-9.64105,-6.135562,-2.5933414,-3.715807,-8.247202,-7.1476097,-4.2635546,-4.7548327,-8.198445,-8.529354,D
76,0.0,-6.819321,-10.441177,-3.393152,-8.458132,-10.572802,-5.9975924,-6.2545805,-1.1832361,-12.560849,-9.493473,-6.4033265,-7.6511497,-9.992948,-3.976667,-6.9008303,-3.558994,-8.605301,-6.8530226,-8.28654,L
77,0.20396948,-4.81073,-8.548943,0.0,-6.659029,-7.5856543,-4.57605,-5.7846813,-2.0849795,-9.430134,-6.2886906,-3.4554992,-5.2560625,-7.122965,-5.299574,-6.842583,-3.4878273,-6.495658,-8.928165,-6.988384,V
78,-1.6017684,0.38432527,-0.23670888,-1.7504013,0.7586944,0.0,-2.4136477,0.45152617,-3.2337437,0.16636753,0.20576847,-2.0194452,-2.5231051,-1.3362786,-3.745141,-4.2431355,-3.175355,-3.51656,-5.332793,-6.696106,E
79,-7.5582285,-7.646405,-7.3898244,-8.292282,-6.619726,-9.033957,-7.9655037,-8.175916,-8.93639,-6.7114944,-8.171694,-9.027145,-9.038883,-4.4468093,-2.8302157,0.0,-8.998444,-2.859568,-4.468642,-6.9947915,Y
80,-8.475863,-1.2804174,-6.003223,-6.6305766,0.0,-8.56217,-9.563161,-3.896772,-7.970804,-6.830201,-7.6480193,-10.640316,-7.684518,-2.850549,-7.3234053,-8.517534,-6.911132,-7.762668,-8.917399,-5.2044754,S
81,-8.5154085,-7.2184033,-10.309244,-8.824556,-7.22813,-9.601705,-9.927877,-8.181458,-10.035362,-11.32886,0.0,-10.311604,-9.086191,-11.336374,-10.454672,-10.841362,-10.609113,-10.304474,-10.652328,-13.37653,P
82,-4.733982,-4.1125755,-7.754219,0.0,-6.539202,-7.3729,-8.834018,-5.526394,-1.6731458,-8.528858,-10.499187,-8.007499,-7.927296,-7.425106,-6.256734,-7.9486127,-5.610504,-9.09652,-10.285723,-8.510037,V
83,-6.5927954,-3.716959,-8.759395,-5.3268337,-4.236618,-10.610207,-11.297821,0.0,-5.457548,-10.831501,-8.014941,-10.719821,-11.0423565,-8.223947,-10.76415,-13.045176,-6.45081,-11.941002,-14.524912,-6.2936273,T
84,-5.273982,-2.1100929,-3.5586798,-4.927653,-3.3107002,0.0,-3.884061,-4.31783,-6.865141,-2.5582116,-7.850544,-3.1241014,-2.3932297,-4.733968,-8.34915,-7.6883364,-6.3809066,-4.956749,-8.733761,-9.7106285,E
85,-4.291548,-1.9597306,-3.9008725,-5.2821517,-2.5914867,-2.5589345,-2.5845103,-3.4846,-5.660797,-3.2038407,-3.4268732,0.0,-1.8256238,-2.5912118,-6.4551153,-5.8835487,-4.89203,-3.9014375,-8.158811,-7.932608,K
86,-1.6372437,-4.4117284,-5.473872,-4.6386824,-3.7323208,-4.2380004,-2.9695344,-5.5524635,-5.224318,-5.420351,-7.9101944,-4.379672,-2.697963,-2.3576193,-3.288078,-1.9678612,-4.050015,0.0,-4.5305996,-6.689205,H
87,0.0,-2.244015,-6.4270763,1.2948623,-5.27878,-5.77699,-4.6656075,-3.3636422,0.16239476,-8.031748,-7.246464,-4.6818194,-4.974947,-6.960023,-3.690676,-5.488003,-2.9051538,-6.5464654,-5.94125,-5.940551,L
88,-1.7068331,2.0896938,-0.29432103,-1.2568779,0.8775048,0.03177905,-1.1342447,0.0,-2.6766222,0.55936766,0.87614644,0.18233198,-0.14730018,0.5339422,-3.3465946,-3.227471,-3.1082346,-1.1850967,-5.453309,-5.046901,T
89,-4.945914,-2.3801203,-2.9008482,-3.8160012,-0.62222695,-0.9605775,-3.018036,-0.0972116,-5.182473,0.0,-6.3053637,-2.6432705,-1.7627742,-1.0842841,-5.913748,-4.730689,-5.4964705,-2.462158,-7.165228,-7.356887,D
90,-11.798145,-6.7847857,0.0,-9.747267,-6.607934,-8.420986,-9.131144,-8.714697,-12.223804,-7.6924,-9.321093,-9.769962,-9.640204,-8.489553,-10.833999,-10.43844,-11.984242,-9.466246,-10.599743,-10.61016,G
91,-1.6293774,-7.7683544,-11.589319,-6.249296,-9.755964,-10.817135,-10.351871,-9.241337,-4.2708282,-12.631935,-9.574148,-9.460443,-8.544055,-11.441334,-6.5501223,-9.686924,0.0,-11.462474,-9.642808,-9.834086,M
92,-5.044325,-4.5055733,-7.247243,-6.1288567,-1.7983336,-7.053322,-6.739099,0.0,-6.0597014,-6.918342,-4.3467603,-6.7383327,-7.1445312,-5.6547356,-8.130081,-8.425251,-5.512197,-8.944244,-9.546761,-7.5472193,T
93,-2.7274103,-5.360988,-8.920446,0.0,-8.434902,-9.379511,-12.02628,-5.6534834,-0.8345032,-9.549036,-8.265298,-11.979097,-10.170239,-8.542557,-8.194115,-9.5262165,-5.3066792,-11.744425,-11.117124,-8.928679,V
94,-2.4185667,1.9603486,0.31908226,-3.8959818,0.00797224,-0.8145611,0.0,-1.9412562,-5.214752,-2.5080662,-5.570568,-1.0697266,-0.77764523,-1.3866827,-3.3854363,-2.5896535,-3.6223469,-1.6213524,-4.4701643,-6.0775533,R
95,-9.448505,-3.5067687,-5.12109,-7.6998115,-4.3378296,0.0,-7.6772447,-5.535677,-10.794014,-0.41040182,-9.827077,-6.0938454,-3.2904794,-4.2187304,-9.671556,-8.887127,-8.363605,-6.3888335,-11.180333,-10.726327,E
96,0.0,-7.8409786,-11.636931,-6.241382,-10.031209,-11.8525505,-11.086539,-9.290969,-5.1605864,-12.6427765,-11.732905,-12.710945,-9.689856,-10.859671,-7.7195816,-9.686492,-6.37667,-10.457872,-9.148745,-8.016451,L
97,-7.3362694,-4.0023155,-6.811241,-6.79696,-4.025714,-9.77009,-9.439493,-6.262705,-7.6546197,-10.929736,-12.380221,-12.309837,-10.292181,-8.607182,-8.999251,-8.727531,-7.889469,-11.133948,-10.45969,0.0,C
98,-1.0132437,2.0426416,-0.74840176,-1.7172747,0.0,2.9478574,-0.7774522,-0.67445326,-2.69202,-0.9805081,-7.1757946,-0.835362,1.0743947,-1.0233943,-3.680182,-3.671231,-1.7496539,-0.98530984,-4.4804096,-3.4641008,S
99,-8.410473,0.0,-5.437506,-5.86147,-4.8563433,-7.7421246,-10.341873,-5.911087,-8.280827,-8.60099,-8.843176,-10.314717,-9.1189785,-8.782503,-10.551484,-10.560706,-8.75471,-10.419561,-11.509429,-9.013009,A
100,-7.2199097,0.0,-6.8307347,-4.3807654,-2.131773,-9.399989,-12.790241,-0.27148342,-5.554224,-9.90691,-11.228544,-12.799601,-9.799898,-8.208265,-9.683722,-11.913063,-4.5697346,-12.543194,-12.851534,-5.744328,A
101,0.7992747,-3.7951279,-5.747541,0.32164693,-4.951319,-4.2644367,-9.280833,-2.540899,0.0,-9.559504,-10.497053,-8.745283,-0.94846845,-6.2876806,-5.9646487,-8.299099,0.5376923,-7.46224,-9.436079,-4.5793924,I
102,-4.0308547,-1.3509429,-2.9147546,-2.0710998,-0.532218,-2.4797847,-4.4229198,0.0,-3.9172885,-5.8204384,-8.412942,-5.4038067,-2.1882653,-3.6835954,-7.598075,-7.5875435,-3.7265584,-5.947806,-8.310866,-5.068434,T
103,1.6128694,-1.8850566,-4.448104,0.3111794,-1.5990251,-0.9290181,-2.899475,1.1047325,0.6615244,-3.350124,-6.177011,-3.499868,0.7287625,-2.9174423,-0.48132336,-0.103809595,0.0,-1.6606386,-4.577444,-3.6057796,M
104,-12.357573,-9.381208,-8.717193,-12.996857,0.0,-14.036127,-13.112216,-6.075994,-13.43686,-11.977274,-12.884766,-14.027452,-12.427745,-9.062714,-11.610266,-13.563658,-13.11566,-11.276542,-13.305945,-9.749137,S
105,-15.648237,-10.35582,-11.351275,-13.284916,-10.421912,-7.750231,-16.801517,-13.129647,-14.924281,0.0,-15.724782,-15.3418665,-13.544857,-9.235315,-16.86775,-15.423819,-16.007832,-13.054839,-17.888458,-11.5751705,D
106,-11.414057,-7.95557,-4.171502,-11.188615,-7.5195293,-11.427859,-12.116408,-10.683392,-12.090434,-8.054349,-11.760684,-11.468624,-10.836562,0.0,-12.612187,-12.947591,-12.065274,-11.116828,-13.345113,-10.359903,N
107,-6.7390747,-2.854372,-5.1269164,-4.255242,-2.4597735,-8.768496,-8.170382,0.0,-4.8631077,-8.436741,-5.0532846,-8.602982,-7.050515,-4.81374,-8.952834,-9.170567,-5.3827815,-8.008271,-11.564475,-5.7974577,T
108,-12.637849,0.0,-4.687305,-7.639518,-4.703514,-13.2448635,-15.213751,-6.8491616,-11.026736,-11.94087,-10.71964,-16.356424,-15.272977,-12.766779,-14.258115,-15.651103,-11.912366,-17.050793,-15.990139,-5.9712462,A
109,-10.226234,0.0,-3.6257424,-6.984861,-2.4281454,-10.686138,-11.838081,-4.6565385,-9.098655,-10.3823395,-8.655739,-11.911278,-12.417519,-8.727149,-11.624674,-12.407444,-9.288855,-12.709338,-13.937361,-5.6482277,A
110,-13.247078,-11.425816,-10.808221,-13.238538,-7.929184,-11.25887,-11.6486025,-9.055379,-12.873516,-5.631052,-15.437826,-11.303268,-11.944273,0.0,-15.518317,-13.5895,-12.670801,-10.708354,-15.038657,-11.342397,N
111,0.0,-7.326457,-10.907383,-4.7995477,-8.489158,-9.1305895,-7.3172665,-7.213163,-3.7175832,-11.020669,-11.826766,-6.621619,-5.8896747,-9.90809,-5.9867883,-8.20371,-3.026424,-7.835956,-6.6191654,-8.500473,L
112,0.0,-8.783572,-12.230549,-6.57736,-10.779869,-12.291125,-11.698158,-9.711493,-6.1773634,-14.322426,-10.377777,-12.573749,-9.702349,-12.40418,-8.245488,-13.152212,-4.8710203,-12.85095,-12.2127285,-8.586189,L
113,0.0,-8.56576,-10.336776,-5.031842,-8.251442,-8.246313,-9.538263,-6.767805,-3.811662,-11.093739,-10.225113,-9.147423,-6.3915052,-8.735751,-4.934565,-8.635884,-2.977541,-8.3439,-10.114452,-7.7320023,L
114,-1.692958,1.6683503,-0.16213024,-2.3515844,0.5623739,1.5759685,2.6661563,0.0,-3.6943731,1.5987793,-1.1769977,3.282628,1.5863355,1.2145945,-4.1319146,-3.3738403,-2.2367835,0.3824011,-4.359072,-4.6628265,T
115,-2.9352026,-1.3574095,-3.434733,-3.600822,-0.78180313,-2.8682985,-4.731161,0.0,-4.7493687,-4.190342,-7.291575,-4.6538715,-2.852275,-3.333988,-6.2632427,-6.415091,-3.619845,-4.3511834,-7.2714233,-5.597335,T
116,0.62188673,-5.421794,-8.888112,-1.4773495,-6.994689,-8.408667,-8.173048,-5.00828,0.0,-10.063618,-10.120264,-8.948048,-6.6714616,-7.478616,-4.4299,-7.043197,-2.0621285,-8.084591,-8.454589,-6.480436,I
117,-10.207682,-5.719846,0.0,-8.943304,-5.8239994,-6.597439,-6.7011724,-9.148048,-10.987386,-5.070072,-10.434212,-6.941315,-7.7443237,-5.707046,-10.651554,-10.313331,-11.151065,-7.575812,-9.912617,-8.496415,G
118,-9.938305,-6.530625,0.0,-9.244503,-5.5627165,-6.017484,-7.2259774,-6.993301,-11.400745,-6.041935,-8.904225,-7.111837,-7.4373384,-7.1897826,-11.188826,-9.9386015,-10.735218,-8.446625,-9.84078,-9.823756,G
119,-6.9974694,-4.2782483,-7.4296103,-5.8660107,-5.9149675,-7.7385798,-7.7442493,-5.784259,-7.425728,-8.718096,0.0,-8.587461,-7.1089816,-8.697055,-9.038273,-8.889919,-8.315324,-7.3798904,-10.327671,-9.052715,P
120,-2.2802405,1.1831777,-0.79261273,-1.1934261,0.06747699,0.06617224,-0.37918866,-0.3486681,-2.8071566,-0.9470916,-0.25909138,0.0,0.46328592,-1.4945209,-3.9690914,-3.533888,-3.299131,-1.8140409,-5.279938,-5.4798083,K
121,-3.153524,1.4281435,2.6612716,-2.0046303,0.17909837,0.0,-1.456861,-0.8537687,-4.459257,-1.4757138,-1.7064356,-1.9895736,-0.44154125,-0.037394047,-4.9266424,-3.8487823,-3.1346703,-2.206118,-4.789281,-5.3081617,E
122,0.0,-5.723037,-10.725561,-1.9132724,-8.342161,-9.054599,-9.545259,-5.538132,-3.9973168,-11.746198,-10.439426,-10.02997,-8.043562,-9.814896,-1.6961455,-4.319833,-3.3790104,-8.568173,-6.1715055,-6.81267,L
123,-6.5068674,-4.8362293,-5.6997337,-5.857188,-2.9903758,-4.398883,-7.116577,0.0,-6.334298,-4.6030765,-6.244216,-7.163147,-4.624628,-3.8084567,-8.556658,-8.370214,-5.40064,-7.0928025,-9.802628,-8.955723,T
124,-2.2079957,0.0,-1.9561481,-2.1813462,-0.936787,-1.6630964,0.17886543,-1.0999585,-3.1656587,-1.7320497,-2.8070455,-0.49558854,-0.7837279,-1.5806057,-4.6036415,-4.0320683,-4.071559,-1.9511833,-4.911249,-5.6701336,A
125,-2.764206,-4.325099,-6.673688,-4.4712267,-4.441891,-5.963289,-5.0827804,-3.9983835,-5.4538794,-7.2342515,-11.191687,-6.0138965,-4.769473,-5.485241,0.0,-0.38845158,-3.9129,-3.3738818,-2.809524,-5.071563,F
126,0.0,-2.0992875,-6.68781,-1.6530485,-4.9507837,-6.269517,-8.71262,-3.7433293,-1.6599703,-9.080935,-10.227807,-9.36863,-5.920046,-7.999096,-2.7709684,-4.76801,-1.6192045,-8.251923,-3.731126,-4.400149,L
127,-2.7640967,-2.725678,-2.7171495,-3.9845893,-2.6764555,-3.2188976,4.1425567,-3.0341458,-4.2326493,-4.31175,-6.2642593,-0.58281815,-0.70435536,-1.9515258,-5.6452928,-4.0043015,-4.718748,0.0,-3.4650238,-3.278031,H
128,-2.3895261,0.3919376,1.167576,-2.8756835,1.7717909,-0.50493264,0.44170725,-0.2346251,-3.9322867,-0.4328221,-5.090249,0.40771282,0.072532296,0.0,-4.2422085,-4.143993,-2.9170513,-1.7656552,-4.9776626,-4.989652,N
129,2.3254788,1.5655575,-1.9322753,0.7525042,1.181966,-1.7135229,-1.059554,0.75291693,2.2670252,-4.031774,-6.2921352,-1.2919612,0.76390195,0.017202616,-1.5300181,-2.1794107,0.0,0.06729606,-3.0110066,-0.29782453,M
130,-9.645838,-5.825234,0.0,-8.8364315,-5.014619,-4.619377,-6.0466423,-7.313055,-10.515842,-2.9257772,-8.131968,-5.406595,-5.2094812,-3.4640677,-10.470589,-9.519371,-10.135052,-5.592784,-10.743616,-8.7455845,G
131,-9.501399,-8.086027,-8.288967,-7.863309,-8.340021,-4.1053457,-12.612034,-9.02122,-7.5335107,0.0,-13.087677,-11.576769,-9.679297,-6.266884,-10.463041,-9.579842,-10.092794,-8.143571,-12.552198,-8.304972,D
132,-1.3066164,0.6579131,0.24905442,-0.6401932,1.7912802,1.6230236,0.6044181,1.7915667,-1.9001542,1.3217512,0.23308356,1.2050353,1.2686185,1.2339356,-2.6767862,-2.1371105,-1.873125,0.0,-3.8412797,-3.0128586,H
133,-2.9739125,-3.6439347,-5.550089,0.0,-3.923353,-4.1881857,-4.7471514,-2.1805744,-1.1395543,-4.5627637,-8.729413,-4.9371424,-4.0917563,-4.052177,-4.5010343,-4.7721825,-4.272096,-4.2254066,-6.6360865,-5.949956,V
134,-7.5690675,-7.099,-8.372924,-8.069674,-2.0877929,-10.480492,-13.657071,0.0,-7.946229,-10.323081,-11.048878,-13.712292,-10.417607,-7.9464602,-6.9378314,-8.411488,-7.2845554,-9.361305,-10.297703,-7.5073075,T
135,-7.096454,-6.740423,-6.850154,-7.792667,-6.2976813,-8.1459465,0.0,-6.4410806,-8.950748,-8.986725,-11.907209,-4.946429,-4.593973,-5.8904867,-9.629961,-9.005178,-7.854725,-5.280437,-9.3541355,-6.2149515,R
136,0.0,-4.3599534,-7.2093506,-3.7521036,-5.951207,-8.631855,-8.545976,-6.0584073,-3.32137,-9.756159,-6.0159526,-10.100414,-5.6259146,-7.481315,-5.8606186,-8.04966,-3.462539,-6.0938134,-8.849963,-5.753588,L
137,-11.747456,-7.617395,-8.236212,-8.381369,-8.217359,-5.0846815,-11.50618,-8.793687,-11.00542,0.0,-12.448745,-11.349892,-9.356343,-5.7269206,-12.47888,-9.714499,-12.174621,-8.654782,-13.834175,-11.3115015,D
138,-11.451119,-10.246575,-10.953085,-11.62558,-11.032697,-11.513336,0.0,-11.712182,-12.28963,-11.063962,-15.074033,-6.9570813,-9.77101,-9.713514,-11.925343,-10.33557,-12.6100025,-6.257783,-10.647113,-9.750951,R
139,-1.1804292,-3.2603483,-4.7392654,-1.9727305,-2.5584757,-4.7936687,-0.80896163,-0.886568,0.45803356,-4.496155,-5.162834,-0.3526616,-3.4756684,-1.482209,-0.42528212,0.24493504,-2.136473,-2.0362034,0.0,-4.996936,W
140,-10.677946,-8.463436,-9.167272,-7.5443277,-9.75404,0.0,-12.627359,-9.8690405,-10.117068,-8.313978,-12.41694,-10.593604,-8.821054,-10.407754,-12.157094,-11.094182,-11.153626,-11.100599,-12.481166,-11.432033,E
141,-5.790467,-4.724171,-6.361594,-2.6414075,-4.0409927,-8.682037,-6.7858,-1.0718982,-4.4694176,-8.833339,0.0,-7.178402,-7.5370255,-6.7434177,-6.318154,-6.8297048,-6.1946225,-7.5931764,-8.0439205,-7.358779,P
142,-4.949919,-1.3963206,-2.95151,-3.5233345,-2.7671068,0.0,-5.702402,-3.515063,-5.5988736,-1.5627861,-6.369993,-3.9150724,-3.119327,-3.7202892,-5.9566326,-4.924634,-5.5462046,-5.0925913,-6.624548,-8.045621,E
143,0.0,-9.283736,-10.70713,-7.3983827,-9.103426,-11.449786,-8.671926,-9.14428,-5.4273705,-13.24703,-9.90843,-9.68232,-5.61164,-9.33334,-7.9509516,-10.171131,-4.3569975,-9.415919,-10.081933,-10.032589,L
144,-9.769571,-6.18469,-7.957801,-6.742811,-5.146843,-10.39525,-11.757926,-5.3861103,-8.380261,-7.2907805,-10.580156,-10.890808,-8.85917,0.0,-11.165218,-10.870674,-9.881705,-8.807537,-13.789452,-8.285013,N
145,-4.40285,-2.9362876,-4.8232384,-4.5317464,-1.360852,0.0,-4.1072383,-1.7011359,-5.2746305,-2.8978405,-8.7146845,-4.337555,-2.1522374,-3.6643727,-4.4597926,-3.8744924,-5.1254053,-4.9939995,-7.3405094,-8.529029,E
146,-9.932012,0.0,-4.4342794,-5.0334783,-5.0619516,-8.989061,-9.47208,-6.461245,-8.598661,-7.151468,-8.189079,-10.328216,-9.594432,-6.2367525,-9.221294,-9.816803,-9.059324,-9.528328,-11.251434,-7.359517,A
147,-1.8486526,-3.992023,-6.170352,-2.2630563,-4.997216,-5.0121174,-4.291931,-2.8115883,0.0,-7.248795,-6.891876,-4.5530834,-4.150368,-4.9505105,-4.271866,-5.0523257,-3.1368687,-6.0206385,-5.7702465,-8.883095,I
148,-3.7473612,-2.1335955,-6.549137,-2.813248,-4.2916903,-3.4411225,-4.551835,-4.7357907,-3.9851,-4.8780546,0.0,-2.8569102,-3.9879386,-5.6852407,-6.3418117,-6.904543,-6.086784,-6.153362,-8.092852,-9.198836,P
149,-3.578628,-2.2410994,3.854959,-4.9037304,-1.9219892,-0.9308499,-2.7981424,-2.728252,-6.3027177,0.51531506,-5.2285457,-2.6340795,-2.7593892,0.0,-4.2320423,-4.2549815,-4.73108,-2.3962586,-4.7754126,-5.0367436,N
150,-13.039345,-8.463755,-8.021128,-10.16731,-8.978179,-4.5830545,-13.074685,-10.1601925,-12.58701,0.0,-13.010028,-11.229361,-8.721746,-7.61304,-13.508854,-11.384665,-12.8775015,-9.904797,-14.561712,-11.888172,D
151,-0.52045655,-1.2450073,-4.497406,-1.449532,-2.0983415,0.0,-3.307135,-1.9437181,-1.9520249,-0.88286436,0.15475416,-2.6433654,-1.8816514,-3.0275602,-3.944137,-4.3260717,-3.2200618,-4.007778,-5.862811,-8.507332,E
152,-8.818111,-10.040885,-10.464181,-11.006969,-9.921997,-12.489437,0.0,-10.110734,-10.729471,-12.88818,-11.877788,-7.656787,-9.06504,-10.009128,-11.247883,-11.377874,-10.834066,-8.705492,-11.261162,-9.59398,R
153,-14.93149,-10.972671,-10.591782,-12.035837,-12.123851,-8.342104,-14.872177,-12.770929,-14.214811,0.0,-13.542936,-13.64341,-13.068155,-8.258519,-15.569428,-13.678832,-15.214977,-12.471195,-16.066818,-13.003398,D
154,-8.3695545,-7.4864645,-10.250943,-7.9241347,-3.8009682,-9.998876,-10.888036,0.0,-8.168052,-11.246978,-12.829943,-10.195555,-10.109122,-8.611249,-9.440801,-9.986364,-7.569107,-11.101056,-11.1583805,-10.676412,T
155,-7.925358,-5.3905263,-8.454276,-6.0602155,-2.682732,-9.28843,-12.10928,0.0,-6.188348,-9.214026,-9.653453,-12.4057045,-11.155601,-8.128702,-9.3498535,-10.523485,-7.097162,-12.502058,-11.3320265,-6.9225116,T
156,-0.47435606,-0.48504192,-3.4560728,-2.4329767,4.0802026,-3.343061,-0.42277533,4.8148227,-1.7227118,-4.72885,-1.3413806,-1.8042008,-1.1340365,-0.88804805,-3.2953227,-1.9762558,0.0,-2.689722,-2.5600543,-3.0989058,M
157,-8.404808,-5.7871943,-10.175124,-7.962662,-7.4581947,-12.723072,-13.326713,-7.9886174,-9.964135,-13.566438,0.0,-15.4679,-10.016882,-11.274776,-12.69743,-13.667856,-10.727298,-10.999343,-15.604713,-11.424911,P
158,0.77902126,0.6306658,-2.5423133,0.0,-0.51316094,-1.2496042,-0.08437419,-0.6642519,-0.44136626,-2.2414193,-5.275881,-0.47113717,-0.080515385,-0.8395057,-2.6601093,-2.6338649,-0.63894105,-1.7856972,-3.9075603,-5.506666,V
159,-6.4221163,0.0,-3.6890073,-4.2050505,-3.0360146,-4.7555237,-7.866122,-3.7684922,-6.6609607,-5.7390327,-5.840936,-9.040466,-5.719853,-5.489491,-7.270239,-7.7933445,-4.6869674,-7.30187,-8.128406,-7.23922,A
160,-5.54752,-2.908339,-7.923343,-4.663047,-5.641568,-7.379596,-11.503078,-5.663423,-1.9234014,-9.589228,-11.272306,-10.448858,-5.9630537,-8.72341,-6.73116,-9.284632,0.0,-10.203429,-9.841064,-7.9950323,M
161,-5.7512045,0.0,-3.7165496,-3.2866807,-4.2860436,-9.090124,-10.493272,-4.659363,-6.3267045,-10.913063,-12.317193,-11.536657,-9.363092,-8.512805,-7.9631534,-8.179453,-5.8741136,-9.38563,-10.582403,-6.8430886,A
162,-1.6436456,0.021300077,-0.16477275,-1.8612179,-0.3376639,-0.33170033,-1.5463266,0.0,-2.589225,-0.31248355,-7.5813565,-1.9045166,-1.0979271,-0.17516422,-3.6629467,-3.242155,-2.0022404,-1.8244429,-4.5746026,-4.55041,T
163,-3.2832413,-4.1772146,-5.500076,-4.594136,-1.6641846,-6.128146,-9.044676,0.0,-4.557955,-2.914373,-10.228434,-9.042231,-5.9465184,-2.307163,-6.9142094,-7.1144366,-4.579093,-6.36665,-8.049914,-5.541709,T
164,0.0,-5.8320866,-9.36438,-3.4511006,-7.750146,-9.357637,-10.317932,-5.023041,-3.6456761,-11.252136,-10.795031,-11.3384,-7.796006,-9.415877,-3.4994867,-4.66992,-1.9065938,-8.895603,-5.8492746,-7.792616,L
165,-3.607126,-2.1278257,-2.441732,-3.9367948,-1.8426266,-1.6098772,0.0,-2.195864,-4.566432,-4.168351,-8.956108,-0.100762844,-0.16709638,-2.0006394,-5.07922,-2.7269688,-3.9026818,-1.1845505,-4.7803946,-5.666459,R
166,-4.355798,-3.5581448,-4.8684874,-6.0390353,-3.8789968,-5.2869244,-1.985863,-3.5285807,-6.2256184,-5.791778,-8.6557455,0.0,-3.1429014,-3.4530005,-7.2079053,-6.0958514,-4.920635,-3.608737,-7.8070745,-7.462784,K
167,0.0,-4.6511316,-8.68106,-2.7347593,-6.6585746,-5.9826455,-10.7778015,-4.9818864,-2.6791353,-9.12972,-8.918215,-9.851404,-6.4883413,-8.068697,-3.6340408,-5.510967,-2.7469077,-8.243561,-6.4206476,-7.1530085,L
168,0.0,-4.375308,-8.324064,-1.9203017,-6.2502327,-7.15456,-7.290088,-4.512901,-2.081425,-9.47064,-10.618129,-7.347466,-5.5469074,-7.762061,-3.043407,-5.5622253,-1.9745231,-7.237221,-6.014094,-7.148981,L
169,-0.1106925,-1.5703914,-2.4027355,-1.3200076,-1.0782567,-3.0155406,-2.3692834,0.0,-2.041539,-3.541861,-6.4600024,-2.803458,-1.8178983,-2.3792276,-2.3129702,-3.9672012,-2.142924,-3.328414,-5.577149,-4.1967597,T
170,-7.0530567,-4.002081,0.0,-7.473606,-2.3729787,-4.345393,-5.61015,-4.0217133,-8.962966,-3.4989843,-6.216571,-5.507272,-5.1895065,-4.0252132,-8.218217,-7.5176306,-8.035545,-5.557579,-9.158182,-6.53964,G
171,-7.045835,-2.9187963,-1.9984559,-5.274682,-0.7087431,0.0,-2.5940611,-1.4880059,-7.1256633,1.2441568,-1.3505642,-1.1374178,-1.5392802,0.6308055,-7.665467,-5.663083,-6.839448,-2.422915,-8.095533,-7.639283,E
172,0.0,0.8918456,-0.22131431,0.84839714,-0.60892224,-2.518094,-3.3218412,-0.014629364,-0.22757328,-3.4788547,-3.0959215,-2.6993,-2.310612,-2.7131357,-1.63782,-2.5893414,-1.1577458,-2.905044,-2.8832707,-3.5081224,L
173,0.0,-8.337912,-10.054268,-5.026756,-8.8227625,-10.907633,-9.504522,-6.8019814,-4.2726045,-11.710837,-7.5709076,-10.213855,-8.338395,-9.320626,-5.5074773,-8.191635,-4.4180818,-9.110289,-8.803901,-8.574732,L
174,-3.6604939,-1.6162012,-1.8630304,-4.312652,1.5970638,-1.9514475,-1.7869458,0.0,-4.605239,-2.4699206,-2.9715004,-0.37648654,-0.63952994,-0.8298663,-6.1344175,-5.5606146,-4.149482,-2.5817628,-7.0027103,-5.020031,T
175,0.0,1.9892765,-0.5811701,0.3319759,1.1810791,1.1817431,-0.83189666,0.9270084,-0.94384205,0.8370893,2.657352,0.44131413,0.45010874,-0.24636102,-2.3913486,-2.4557793,-1.7126375,-1.2762452,-4.0386305,-5.4959927,L
176,-3.5160112,0.0,-2.112181,-2.4172173,-1.0332699,-0.18748856,-2.2470002,-1.5023618,-3.8934336,-1.2497368,-1.054295,-1.1597068,-1.1464535,-1.7842108,-4.6494417,-4.016365,-4.8164444,-2.688514,-5.52991,-7.396496,A
177,-11.594536,-4.1742043,-6.065213,-10.047356,0.0,-9.695251,-10.019205,-6.7053685,-12.15267,-8.982911,-8.743727,-10.783087,-9.021686,-6.1660404,-11.303388,-9.329049,-9.744683,-7.269538,-11.902035,-8.403487,S
178,-8.019533,-7.7386637,-7.6037793,-8.546699,-5.853215,-6.2558417,0.0,-4.4494953,-8.90923,-9.196969,-11.792069,-1.9568462,-2.4342642,-5.383652,-10.05466,-7.1952453,-7.752728,-4.336879,-8.801958,-6.7684274,R
179,-3.6705356,-1.4058589,-3.2068326,-3.6735764,-1.7100141,-0.8265259,-1.2045239,-1.7368705,-4.356278,-1.4118335,-7.3453116,-0.38551927,0.0,-1.404808,-6.257727,-5.231186,-4.354509,-2.7674317,-6.2078166,-6.9007525,Q
180,-2.5596442,-3.9898136,-8.092937,-4.6716695,-5.4516053,-4.310287,-4.1775265,-3.412713,-4.8146653,-6.6937265,-10.203011,-4.7262025,0.0,-6.7790136,-7.141157,-7.2874956,-3.910285,-5.809365,-6.8874917,-6.263297,Q
181,0.0,-7.7877746,-11.946545,-4.2522206,-10.96303,-12.4864025,-9.8608055,-8.7321825,-3.9588299,-13.887278,-10.926048,-12.309999,-9.928775,-12.5866995,-4.8516245,-8.304327,-4.5726013,-10.879546,-7.3810644,-8.9244795,L
182,-0.2400415,-4.0825415,-6.9263763,-1.3922071,-4.3453827,-5.0939474,-2.9162538,-2.0933797,0.0,-7.934535,-9.471061,-3.5042977,-4.125055,-5.618168,-2.1958053,-3.0381165,-2.0230222,-4.266965,-3.2242548,-5.387914,I
183,-4.657195,-1.0000875,-1.6238842,-4.194132,-1.431101,-0.68408704,-2.6945431,-2.05607,-5.806935,0.0,-8.840314,-2.0475774,-1.8283107,-1.7964737,-6.140807,-4.950988,-5.749338,-2.8002486,-6.9360476,-7.043528,D
184,-6.2138023,-9.141292,-9.704696,-8.875506,-8.987862,-11.281597,-9.706151,-9.437467,-6.5615883,-11.931405,-13.687155,-12.576693,-10.000447,-11.342142,-8.077291,-8.150438,-6.8474264,-10.61895,0.0,-8.157227,W
185,0.43843746,-7.6108594,-9.783594,-6.7976065,-8.426569,-9.12022,-10.058286,-5.879823,-4.9555473,-10.975248,-11.800269,-8.618096,-7.1935296,-9.244064,-4.508211,-6.3828545,0.0,-10.038432,-7.8484697,-8.113792,M
186,0.7593414,0.97319025,-0.9199717,1.3860925,0.8081376,0.0,2.4980097,0.8263065,0.6627634,-2.3112712,-6.1455827,3.134391,1.5001715,0.28698134,-1.7663054,-0.9699612,-0.23494668,1.1692766,-2.4674032,-1.5830165,E
187,-4.146696,0.0,-1.6404823,-3.9107509,-1.252917,-0.6778004,-2.8038607,-2.504438,-5.1023545,-1.2151704,-9.345184,-2.5121617,-0.8860619,-1.0531559,-6.311175,-5.8404717,-4.5457306,-2.6679978,-7.470621,-5.6891127,A
188,-10.715443,-7.393469,-6.0422754,-8.912651,-4.7513103,-6.322111,-10.951107,-7.8022447,-9.921739,0.0,-11.357853,-9.175865,-9.909153,-1.2503624,-10.984467,-9.663374,-10.73529,-7.720189,-12.429864,-6.121649,D
189,-4.775881,-3.9009583,-7.0270176,-4.32164,-5.2326837,-4.1170726,-2.7014031,-3.8768098,-5.6841984,-6.8353605,-5.9629917,0.0,-1.908679,-5.4582295,-8.701793,-8.227294,-4.5254726,-5.488471,-9.370824,-9.378592,K
190,-5.9065166,-7.673214,-10.625055,0.0,-9.849073,-11.244331,-12.622133,-7.612269,-5.300869,-11.523537,-9.115536,-12.394497,-11.273193,-10.0247135,-10.472257,-12.3611355,-9.241131,-12.303627,-14.568106,-11.138348,V
191,-10.392199,0.0,-4.2070684,-6.5406013,-2.6720629,-9.146765,-10.419149,-5.5984097,-8.916507,-6.369087,-10.315796,-10.162823,-9.928795,-6.754159,-10.620871,-10.535077,-11.006397,-9.648888,-12.599506,-8.663992,A
192,-7.71826,-2.270812,0.0,-6.1645527,-3.4768662,-3.7737534,-6.8976393,-4.4311285,-7.6801815,-1.9943535,-8.937593,-5.8336186,-5.686583,-4.3077335,-9.246109,-8.03623,-8.2587385,-6.9066124,-9.816307,-8.597071,G
193,-6.9575024,-3.8430705,-4.9890456,-7.379648,-3.4708853,-5.644487,-8.234707,-4.91137,-9.147639,-5.435941,0.0,-7.8928204,-5.83681,-5.9960594,-9.4297905,-9.385525,-9.490311,-7.222991,-11.264939,-9.92185,P
194,0.0,-8.392729,-9.933628,-6.2376957,-6.917934,-10.652232,-10.635392,-6.2737412,-5.851505,-11.4463,-9.175326,-11.64091,-8.206398,-9.372118,-7.071893,-10.684761,-4.0290356,-11.056221,-11.445027,-10.309966,L
195,0.0,-7.6496563,-9.5654745,-4.949642,-9.851728,-10.852034,-12.009726,-8.579712,-3.2406988,-11.255137,-9.234095,-10.598752,-10.668597,-10.780117,-3.7140973,-9.763167,-3.5546196,-11.899544,-12.157598,-9.53735,L
196,-8.169267,-7.664451,-7.69384,-9.64727,-6.908575,-8.468615,0.0,-7.898673,-9.489233,-10.195618,-9.355812,-3.465077,-6.392351,-8.554404,-10.918031,-9.721581,-8.834246,-5.8301888,-9.596631,-8.45958,R
197,-5.795067,1.0696805,-1.3518453,-4.071045,0.0,-2.2963443,-4.206777,-1.904156,-6.2411404,-3.2711575,-4.5611887,-2.7052717,-2.4546106,-3.5564055,-8.133201,-7.220537,-6.232592,-5.360756,-9.755496,-7.6402607,S
198,-3.3321056,0.0,-0.7043698,-0.8102932,-1.01862,-2.317874,-2.7447796,-1.5053413,-3.1815064,-3.434744,-3.707342,-1.8867894,-1.6571577,-2.3612711,-5.281802,-4.4737415,-4.43672,-2.886522,-6.952775,-5.7331705,A
199,0.0,-1.845917,-5.962986,-0.43064022,-4.941574,-7.482332,-7.1782894,-3.3264215,-0.77354264,-8.776989,-6.7730675,-6.1976895,-6.233449,-7.4690905,-3.9741988,-5.67945,-2.3057034,-8.289156,-7.077224,-5.4517517,L
200,-7.513769,-6.4515867,-7.2206297,-9.3768215,-5.753007,-7.801747,-7.978469,-7.189105,-10.30115,-7.354923,0.0,-7.3470707,-7.3800793,-7.902292,-11.361999,-11.577482,-10.843854,-8.941056,-13.052774,-12.278669,P
201,-3.6786346,0.0,-2.8707085,-2.3152544,-0.60082734,0.04201317,-2.6663527,-1.5129638,-4.085944,-0.38875198,-1.2864188,-0.16522288,-0.78500557,-1.4577568,-5.5674725,-5.0228133,-4.9599137,-3.0002308,-7.372674,-7.3273997,A
202,-7.469062,-3.3878927,0.0,-6.6329823,-0.975626,-1.9474432,-4.4693203,-2.562681,-7.8706303,-0.7630186,-4.851706,-3.5276167,-3.4852307,-1.339472,-7.708743,-6.3204036,-8.179276,-3.3239017,-7.783906,-8.67469,G
203,-6.660618,-6.612556,-7.201669,-6.6777396,-6.2193384,-8.805634,-7.212413,-6.291646,-7.3596106,-9.112852,-9.676711,-9.209695,-8.083592,-8.753827,-5.8718996,-5.60184,-7.306387,-8.248498,0.0,-7.5471706,W
204,-0.02054333,-0.16701749,-1.5822461,0.2539729,0.9207316,-0.81290835,2.1585724,1.3154104,-0.1823395,-1.3928307,-1.2897959,2.4622118,0.8000332,0.5017664,0.0,-0.36689097,-1.2177573,1.5308806,0.20426816,-2.9426274,F
205,-3.3119857,-5.233825,-7.8805647,-1.186605,-6.7118626,-7.9734545,-9.084703,-5.5965447,0.0,-8.985593,-7.905754,-8.642295,-7.754145,-8.216583,-5.459992,-8.855602,-4.666914,-9.69228,-11.174402,-8.150298,I
206,-4.464528,0.0,-0.067358494,-3.3693688,-3.2101665,-5.0399275,-4.1510143,-3.9670782,-4.435423,-6.6084495,-7.9426174,-5.0561447,-4.277925,-6.603955,-4.489989,-4.5431304,-4.8302116,-5.3978453,-6.710846,-5.3701,A
207,-13.363846,-9.972975,-9.2723465,-11.158291,-10.327342,-5.1801934,-14.610771,-11.8669405,-12.598988,0.0,-13.13302,-12.980049,-11.169272,-7.18829,-13.278073,-10.803144,-13.861397,-9.886966,-15.018919,-12.651266,D
208,-7.69428,-9.202402,-8.227182,-8.889784,-8.634832,-8.892822,0.15408564,-9.318591,-7.8659954,-11.133285,-9.477145,0.0,-8.43195,-8.727039,-9.8161545,-8.675676,-7.8592677,-5.575059,-10.190658,-9.002396,K
209,-10.585274,-9.732161,-8.447754,-10.675549,0.0,-13.747093,-11.20541,0.3514204,-9.494138,-13.102218,-7.113522,-12.025747,-11.969789,-7.1422515,-12.243895,-11.71084,-9.741261,-11.746118,-14.700175,-10.662689,S
210,-12.314025,-6.708775,0.0,-10.347143,-10.802799,-11.860803,-10.993736,-12.987353,-13.80239,-10.728901,-15.874653,-14.574968,-14.959967,-13.343906,-14.191038,-14.862345,-13.603564,-14.497841,-14.108104,-10.715937,G
211,-8.062536,0.0,-4.3965845,-6.7969036,-3.5154104,-8.540341,-9.461017,-6.2772026,-8.696445,-8.69439,-8.804887,-10.03318,-9.549778,-8.39859,-9.835403,-10.062571,-8.985998,-10.060526,-11.063381,-9.745417,A
212,-10.793686,-6.1467524,0.0,-9.306151,-6.1814427,-9.306078,-9.391184,-9.723636,-10.8732605,-7.5604773,-12.63486,-11.623302,-11.433594,-8.769673,-11.8330345,-11.120902,-11.651083,-11.661242,-10.535008,-8.320881,G
213,-4.278098,-1.9381061,1.6188967,-4.2267213,-1.7080038,0.0,-4.362028,-2.7985315,-5.2631598,-0.15938997,-3.821479,-4.2125444,-2.9411228,-2.103497,-5.552389,-5.8311777,-4.6766596,-6.016368,-5.2188916,-8.287556,E
214,-5.129221,-5.3038816,-6.0535173,-6.3841906,-5.468561,-5.7194605,0.0,-5.6867366,-6.40961,-5.7775817,-6.464601,-4.6576233,-3.843982,-1.4865239,-3.553728,-1.7601321,-5.9483767,-1.0607831,-5.589438,-7.099388,R
215,-10.3768635,-6.958218,0.0,-10.921286,-7.1029387,-8.651568,-8.498342,-9.585205,-11.74722,-7.3356423,-12.314807,-8.221201,-8.859976,-6.4368114,-11.0157385,-10.802332,-10.876818,-9.191691,-11.910482,-11.407602,G
216,-8.832283,-4.3985996,-6.292521,-6.961357,0.0,-8.192641,-9.154642,-2.2840137,-8.697823,-8.134457,-10.00464,-9.142118,-8.366011,-6.1106315,-9.389445,-9.199967,-7.7628093,-8.839518,-10.288256,-6.6606994,S
217,-9.178747,-9.284267,-9.697321,-9.930593,-8.10538,-10.924948,0.0,-8.737733,-9.7837305,-11.745865,-10.98071,-7.6546645,-7.5258255,-7.9472504,-11.460925,-10.034168,-10.583403,-7.086691,-10.069933,-7.6880274,R
218,-11.616859,-3.0045528,0.0,-9.012896,-2.825839,-9.552292,-11.276408,-7.9100447,-10.911543,-8.429151,-13.423198,-11.7917,-11.510383,-8.000405,-12.847349,-13.04788,-10.913406,-12.014458,-13.087424,-7.9376736,G
219,-3.9576483,-7.3628335,-10.461931,-1.8741264,-9.40402,-10.144835,-11.941939,-8.754216,0.0,-9.050034,-13.565601,-12.125807,-9.657545,-7.70727,-9.151007,-11.00144,-6.0142784,-10.123379,-12.298479,-10.123243,I
220,-4.4782367,-4.891123,-9.287621,-1.2168851,-6.15617,-8.586554,-12.398865,-2.7000065,0.0,-8.759738,-11.320349,-10.565792,-9.178501,-7.3193054,-5.4912853,-7.238138,-4.2846174,-10.034815,-9.473133,-7.518541,I
221,-7.3184524,0.0,-4.480155,-4.711139,-4.7713027,-8.679031,-12.140557,-5.212323,-7.622132,-8.779075,-12.916733,-12.452646,-11.390946,-10.05713,-8.909165,-9.930396,-7.2732596,-12.104031,-11.252181,-6.8711743,A
222,-0.629828,0.0,-3.6618671,0.5047889,-3.0622454,-4.376196,-3.628621,-2.1535292,-0.7037399,-6.427408,-9.600024,-4.505158,-3.982252,-6.0137887,-3.3897903,-3.9814925,-1.9433264,-5.3789096,-4.9690094,-4.5192595,A
223,0.0,-1.843652,-6.514509,-1.1283526,-6.040142,-8.793353,-8.012653,-4.4250054,-0.7946782,-9.823265,-9.686192,-7.7889185,-7.797427,-8.44199,-2.2140324,-4.519245,-1.619591,-7.839286,-6.6778436,-4.9400325,L
224,1.3333809,0.33988348,0.0,-0.5384741,1.4613091,-0.028284788,1.7434218,1.1707273,-0.44105637,-1.7547393,-4.040839,1.6906252,1.4378487,0.1082674,1.1462587,1.1669691,0.2553566,-0.005098015,2.887141,-1.329361,G
225,-3.6618721,-3.572051,-4.9332356,-4.2448425,-3.7234478,-4.6940513,-2.642534,-4.3258038,-4.323914,-5.5356026,0.0,-2.751454,-3.0601068,-4.5575533,-5.676644,-5.624424,-5.804254,-3.6356783,-7.453972,-7.273857,P
226,-1.1592326,0.6165814,-2.8271995,-0.1615336,-0.38295418,1.4249053,-1.4464581,-0.4859926,-1.1190512,0.0,1.3969722,0.4180495,0.2524554,-1.05013,-3.4782562,-3.404731,-2.521868,-1.8655257,-5.6179514,-5.652482,D
227,-3.412547,-1.8381135,0.0,-3.6714702,-1.1913772,-1.4765801,-1.9452713,-1.9992572,-3.9781857,-0.33256447,-3.636581,-1.1394541,-1.3698256,-0.059486866,-4.3324547,-3.8981555,-4.602972,-1.5013814,-5.2456856,-6.0122733,G
228,-2.5445156,-1.5520257,-1.017533,-3.5084171,-1.9373401,-1.8966429,-0.896791,-3.057894,-4.5340686,-3.605719,-6.0915,0.0,-0.6035638,-2.6197467,-4.097834,-3.2437263,-3.2361097,-1.6940312,-5.040504,-4.82992,K
229,-3.5430217,-1.5617945,-3.4039683,-3.7569814,-1.7199013,-2.4024286,-2.8841267,-2.394032,-4.66745,-2.4544542,0.0,-2.9580152,-2.288043,-2.5195184,-5.8658295,-5.6310673,-5.1417046,-3.0791013,-7.479127,-7.1693096,P
230,-0.37021077,0.9949461,-1.3664544,-0.97618085,0.0,-0.18497914,0.001906991,-0.3986185,-2.0060449,-0.24428225,1.4566627,-0.7155355,0.14605093,-0.94776535,-2.5657675,-2.5130634,-2.0581923,-1.0851618,-3.334685,-3.1118493,S
231,-2.8271224,-2.8151667,-4.26213,-2.5545497,-3.5398543,-5.898055,0.0,-2.9527376,-2.8054836,-6.0068297,-6.4472356,-1.3464785,-3.8593948,-4.185083,-5.2030573,-5.1565886,-4.3397093,-2.6863546,-6.111518,-5.7293644,R
232,-1.7630014,-4.928083,-10.220785,-1.221261,-8.899152,-10.874068,-12.915346,-6.47223,0.0,-12.456999,-10.453498,-12.972062,-10.737505,-11.4023075,-5.114196,-8.13559,-4.839924,-11.000285,-10.187557,-8.138516,I
233,-0.522542,-0.065749645,-4.7768574,0.0,-3.906878,-5.6756434,-8.940116,-2.672546,-1.4782164,-8.014993,-9.205886,-8.224932,-5.9430094,-7.782071,-3.6312299,-7.489021,-2.068061,-8.9692135,-7.8021016,-4.69703,V
234,-5.5214877,0.45911884,-5.163498,0.0,-1.1436706,-6.4198647,-12.763703,-1.0415969,-3.3954377,-6.4401884,-9.325762,-13.331764,-9.731933,-6.555956,-7.8511205,-9.581573,-4.89003,-11.446602,-10.53395,-2.9629388,V
235,-2.742415,-2.6117857,-6.630064,-0.75661325,-5.967415,-8.480568,-11.671864,-4.280262,0.0,-10.667848,-10.179062,-12.886833,-9.274252,-9.352198,-2.6340075,-6.332915,-2.702358,-9.955786,-8.411806,-5.5616856,I
236,-5.0052776,-9.579113,-11.999143,-7.6691837,-8.748162,-11.119642,-12.563603,-9.001751,-7.6297264,-11.323752,-13.6031475,-14.2447195,-9.634854,-9.085575,-2.7915316,0.0,-6.321049,-6.743656,-8.028381,-6.2438025,Y
237,0.43310237,-1.8883395,-6.2201633,1.1269975,-2.780254,-4.991516,-7.660533,0.0,0.5822692,-6.743025,-7.928617,-7.4197254,-4.470495,-5.1630917,-3.525879,-5.5038185,-1.3013799,-6.1591787,-8.276007,-3.363352,T
238,-4.4960775,-4.925851,-8.459006,-4.680488,-3.703758,-5.5321574,-6.9377546,0.0,-4.2706957,-7.1900067,-10.43297,-6.7697506,-5.286208,-5.6438565,-8.038209,-7.840227,-5.12619,-7.411784,-9.179117,-7.2659125,T
239,-5.9160347,-3.117105,0.0,-7.1811643,-3.9810882,-2.1851223,-4.655909,-5.8132277,-8.544821,-1.6251523,-8.951983,-3.9327028,-1.1333673,-2.2943597,-6.637455,-6.1159945,-6.6724424,-2.201806,-7.986332,-6.212209,G
240,-5.3393083,-2.8336763,-3.147527,-4.7933617,0.0,-3.9283464,-5.429021,-1.7609038,-5.3701587,-1.8564632,-4.9389734,-4.7262373,-3.7457623,-1.0014851,-4.9937167,-4.7250886,-6.3699102,-1.0321772,-7.6199827,-3.4437573,S
241,-2.3210087,-0.99805665,-1.9841094,-2.0099168,-0.0067029,-0.5679772,-0.877435,1.087826,-2.9255235,-1.3253986,-3.5300121,0.819298,0.0,-0.4492123,-4.109616,-3.8507967,-2.8660445,-1.751899,-5.5599775,-6.885678,Q
242,-4.2193117,0.0,-4.8201795,-3.3339624,-3.4915602,-4.378041,-6.324937,-4.095831,-5.6773844,-5.2669663,-5.8058505,-5.5395727,-4.047612,-5.6368876,-7.280594,-7.7068214,-5.690309,-5.882061,-9.03576,-7.4088106,A
243,-3.9712987,-1.4513634,-0.43674493,-3.7543118,1.2238548,-2.345858,-3.7736855,0.0,-4.8624945,-0.9136554,-0.81788874,-2.5350711,-3.71159,-1.1312611,-5.655674,-6.271814,-5.330593,-4.57966,-7.6488304,-5.5710735,T
244,-4.061361,-4.4886885,-6.6153407,-4.877453,-5.7631626,-7.002533,-7.945394,-5.4071264,-2.6318614,-7.173418,-6.401672,-7.4723024,-6.9293585,-7.0224686,-4.168492,-7.310302,0.0,-7.657673,-7.8325744,-9.76037,M
245,-3.8337617,-0.6633589,-2.8151398,-2.6644628,-2.521281,0.59514403,-5.1401606,-2.3028648,-3.9879992,0.0,-1.3689959,-3.3761954,-2.563979,-2.9420888,-6.476025,-7.137831,-5.1273594,-5.0969276,-8.735316,-9.711694,D
246,-4.6820583,-1.858259,-5.03743,-3.5479312,-4.1679654,0.0,-6.20166,-3.654114,-4.9727845,-1.4974408,-8.374228,-4.6446176,-1.3020492,-5.072777,-6.661317,-6.265151,-5.3280215,-5.5772657,-8.216061,-8.638277,E
247,-7.383675,-7.879848,-8.487099,-8.541452,-7.515062,-10.267431,0.0,-8.4778385,-9.0080385,-12.266226,-10.656002,-6.6794086,-5.278531,-8.629255,-10.396678,-10.191668,-8.695483,-6.822218,-8.994506,-6.756318,R
248,-11.02598,-8.866474,-8.494535,-9.412804,-7.0056033,-5.9416475,-11.323562,-7.2001176,-9.729175,-1.3877935,-13.240682,-10.527575,-8.853305,0.0,-11.707464,-9.589511,-11.403694,-8.1103,-13.834468,-10.021549,N
249,-2.7879574,0.83186173,-2.3234687,-2.9732542,-1.4712882,-1.4157083,0.0,-1.4504591,-4.0100956,-2.4900968,-5.652645,-0.40183067,0.23682141,-2.0909748,-6.0772343,-5.596558,-4.3805428,-1.8340132,-6.2098417,-5.7746954,R
250,4.123006,5.7621975,0.6593101,5.0382977,1.4772887,-0.8439727,-0.43774104,3.1068585,3.3566966,-2.044931,-3.2244844,0.42589712,0.0,-1.8241272,1.4372168,-0.6260779,2.588829,-1.4982574,-0.8142226,0.19300675,Q
251,-3.9661286,-7.394331,-11.216555,-3.603699,-8.6842985,-10.898495,-14.2479725,-6.5961585,0.0,-12.841961,-11.534018,-14.150747,-9.069434,-8.957481,-6.6237283,-9.75695,-5.321892,-9.233059,-11.268635,-8.916367,I
252,-7.713249,0.0,-2.6008465,-5.261206,-2.592754,-4.703172,-4.936256,-4.1023073,-7.0116754,-6.7513046,-8.08172,-5.608757,-4.449543,-5.9091225,-9.551813,-9.750914,-7.346685,-6.9883256,-11.11714,-6.973027,A
253,-1.5950851,0.08363676,-2.130064,-2.264925,-1.0257862,0.0,-1.7287552,-0.8818662,-2.8765945,-0.47446668,-6.5335865,-1.6784801,-0.89510036,-1.4977205,-4.300315,-4.5017548,-2.885974,-2.5881076,-5.433469,-6.1628113,E
254,-1.886857,-5.593547,-10.784362,-1.9760256,-8.106578,-10.281733,-10.5420475,-5.304583,0.0,-12.137542,-11.378174,-10.891186,-8.701555,-9.752227,-4.6318755,-7.375131,-4.582919,-9.572281,-8.062409,-8.118839,I
255,-10.189877,-2.2754974,0.0,-7.4150825,-4.4016356,-9.762802,-9.954335,-4.646513,-9.623475,-10.083376,-11.463713,-10.336311,-11.385647,-9.9541855,-10.480906,-11.80744,-9.78957,-12.306459,-12.492145,-6.944378,G
256,-2.5993953,0.0,-1.5006084,-3.185242,-0.95561814,-1.1539631,-0.40142274,-1.7897034,-3.8778238,-3.1481857,-7.2372866,-0.6292825,-0.49406338,-2.0868077,-5.392563,-4.8671756,-4.204064,-2.5052729,-6.643278,-4.9440274,A
257,0.78341377,1.1188818,-1.4751244,-0.5046023,0.0,1.3380514,-0.93409777,0.3890692,-0.08928847,-0.66377527,-3.502252,-1.4919899,0.48416078,-1.0422659,-2.825317,-2.0399384,-1.1684438,-1.1635957,-2.932917,-2.60216,S
258,0.0,-3.1761334,-7.7371273,-1.368089,-5.6730947,-7.1476974,-6.396735,-4.6773086,-1.1270494,-9.79707,-8.262917,-7.183107,-6.622033,-8.466086,-3.516428,-5.4104137,-2.5694408,-7.289141,-5.308605,-6.1389747,L
259,-0.17100441,1.1822354,-1.237649,1.2770432,-0.5251577,-2.966488,-2.2308626,-0.48782587,0.0,-3.9508529,-3.1826692,-2.4413857,-2.4893746,-3.1004024,-2.0435655,-3.4230556,-1.2783847,-3.66754,-3.742979,-3.2301576,I
260,-2.897261,0.35037255,-0.64978516,-2.970116,0.07435346,0.30811715,-0.63453126,-0.74883914,-4.1454053,-0.9170894,-1.0192238,0.0,0.011931658,-0.5544654,-5.342514,-4.549952,-3.782213,-1.7534877,-5.9830265,-4.997333,K
261,-0.09421295,1.1346378,1.1756084,-0.45260775,1.3199298,0.6675258,0.28855962,0.87977886,-1.074957,1.2224956,-0.10287809,0.09323111,0.57519925,1.0520535,-2.0625079,-1.3671738,-1.9245622,0.0,-3.1402256,-2.2791378,H
262,2.5262258,0.96167207,1.150024,0.5245281,1.8348026,0.62093055,1.1206498,0.27770674,1.0352006,1.234539,1.6681831,0.39449376,1.0812476,1.2119353,1.0878359,0.85920376,0.029953122,0.924928,0.0,-1.6809766,W
